1st Jan 2016,Friday
24th Jan 2016,Sunday
25th Jan 2016,Monday
8th Feb 2016,Monday
9th Feb 2016,Tuesday
1st May 2016,Sunday
2nd May 2016,Monday
21st may 2016,Saturday
23rd May 2016,Monday
4th June 2016,Saturday
6th June 2016,Monday
22nd June 2016,Wednesday
6th July 2016,Wednesday
7th July 2016,Thursday
31st Aug 2016,Wednesday
12th Sept 2016,Monday
16th Sept 2016,Friday
2nd Oct 2016,Sunday
3rd Oct 2016,Monday
29th Oct 2016,Saturday
31st Oct 2016,Monday
11th Dec 2016,Sunday
12th Dec 2016,Monday
13th Dec 2016,Tuesday
25th Dec 2016,Sunday
26th Dec 2016,Monday
